{
  "difficulty_score": 0.2519317172261544,
  "font_size": 32,
  "text_position": [
    55,
    17
  ],
  "effects_applied": [
    "subtle_gradient"
  ],
  "capitalization": "normal",
  "image_hash": "446a2803341b35b3894561e8d9b63971",
  "contrast_ratio": 48.068282773845674
}