{
  "train_loss": [
    2.9415776538848877,
    2.643467969894409,
    2.3207679557800294,
    2.063293423652649,
    1.7792889308929443,
    1.4881432056427002,
    1.2111740064620973,
    0.9895789909362793,
    0.8607774209976197,
    0.7765768480300903,
    0.7214032173156738,
    0.6979255652427674,
    0.6587668061256409,
    0.6494023489952088,
    0.6423661088943482,
    0.6234220266342163,
    0.6067433786392212,
    0.6007424545288086,
    0.5890241479873657,
    0.5699519157409668,
    0.5754898667335511,
    0.556287407875061,
    0.5332145881652832,
    0.5031719529628753,
    0.48839670419692993,
    0.48016306638717654,
    0.48179444909095764,
    0.469243232011795,
    0.4591349959373474,
    0.4656654810905457,
    0.4422506523132324,
    0.42544881224632264,
    0.4246418869495392,
    0.4106642770767212,
    0.4021873164176941,
    0.39632118344306944,
    0.4036322855949402,
    0.39040694952011107,
    0.38690863609313964,
    0.39259017825126646,
    0.38382637143135073,
    0.36079841256141665,
    0.34874977707862853,
    0.3500672936439514,
    0.3349101376533508,
    0.3319735336303711,
    0.32540542602539063,
    0.32003976702690123,
    0.3154071295261383,
    0.31409270167350767,
    0.3135427391529083,
    0.3089239585399628,
    0.3034727144241333,
    0.30683992147445677,
    0.3044610196352005,
    0.297851699590683,
    0.29974485814571383,
    0.29636368751525877,
    0.29958338499069215,
    0.2974790555238724,
    0.29659057199954986,
    0.2975564646720886,
    0.2922492933273315,
    0.2930997896194458,
    0.2888849264383316,
    0.29501138925552367,
    0.2959835869073868,
    0.29107422947883604,
    0.2924429482221603,
    0.2940044325590134,
    0.29062565803527834,
    0.2910162991285324,
    0.2938565582036972,
    0.2923401784896851,
    0.28352518916130065,
    0.2916263496875763,
    0.2931604492664337,
    0.2905876064300537,
    0.2917596447467804,
    0.29511951088905336,
    0.29225961327552796,
    0.29591628968715666,
    0.2929903399944305,
    0.2878480327129364,
    0.2945905649662018,
    0.2869352078437805,
    0.28947867631912233,
    0.29299254179000855,
    0.2905877733230591,
    0.2913034188747406,
    0.29442022800445555,
    0.28850675344467164,
    0.2943061500787735,
    0.2929748785495758,
    0.2946312975883484,
    0.28930972337722777,
    0.2917894524335861,
    0.2920247751474381,
    0.2926253110170364,
    0.2874032062292099
  ],
  "val_loss": [
    2.733480453491211,
    2.4523251056671143,
    2.1862984725407193,
    1.9003261157444544,
    1.6247467483792986,
    1.3646952595029558,
    1.1008276769093104,
    0.9056676711354937,
    0.7875784380095345,
    0.7286398751395089,
    0.689614645072392,
    0.6871094363076347,
    0.6524429491588047,
    0.6698382752282279,
    0.6442024111747742,
    0.6288812841687884,
    0.6451233199664524,
    0.5932642221450806,
    0.6032918691635132,
    0.6178683383124215,
    0.6374648639133998,
    0.6533285123961312,
    0.5711298074041095,
    0.5857684782573155,
    0.57923538344247,
    0.5692813566752842,
    0.656103755746569,
    0.5758788330214364,
    0.608482335294996,
    0.6674311671938215,
    0.5702516521726336,
    0.5697324063096728,
    0.5656661263534001,
    0.5569435358047485,
    0.5677468521254403,
    0.5711393696921212,
    0.5556309776646751,
    0.5595650800636837,
    0.5625246294907161,
    0.6100435512406486,
    0.5675783242498126,
    0.5570278465747833,
    0.5556233312402453,
    0.5592744094984872,
    0.574305134160178,
    0.5524170100688934,
    0.5427615429673877,
    0.555958411523274,
    0.5475869391645704,
    0.5472762669835772,
    0.5448598691395351,
    0.5445631146430969,
    0.5531706980296544,
    0.5501547711236137,
    0.5556360227721078,
    0.5532808303833008,
    0.5478512389319283,
    0.5457304503236499,
    0.5453123833451953,
    0.5465115649359567,
    0.5463601052761078,
    0.5475552167211261,
    0.5455369991915566,
    0.5448399782180786,
    0.5479774645396641,
    0.5460370906761715,
    0.5466369262763432,
    0.5457842307431358,
    0.546501853636333,
    0.5458613932132721,
    0.5458018694605146,
    0.5467962196895054,
    0.5468088814190456,
    0.54585542849132,
    0.5479552149772644,
    0.5476098188332149,
    0.5456117476735797,
    0.5465691217354366,
    0.5473131878035409,
    0.546957403421402,
    0.5473271693502154,
    0.5461299291678837,
    0.546369092805045,
    0.5481446981430054,
    0.5461564617497581,
    0.5462564187390464,
    0.5459996547017779,
    0.5460225982325417,
    0.5470052276338849,
    0.5475672313145229,
    0.5462396400315421,
    0.5462962899889264,
    0.5484122165611812,
    0.5472107444490705,
    0.5471997729369572,
    0.5466910685811724,
    0.5474679086889539,
    0.5459952482155391,
    0.5467384457588196,
    0.5454751082829067
  ],
  "train_cer": [
    1.2157743055555554,
    0.8892088293650802,
    0.8133754960317465,
    0.7689027777777779,
    0.6938387896825411,
    0.6619280753968253,
    0.9838313492063478,
    0.8651552579365089,
    1.0090401785714291,
    0.8575858134920625,
    0.8111339285714285,
    0.8125416666666675,
    0.9043864087301597,
    0.7934905753968242,
    0.7550238095238094,
    0.8717152777777767,
    0.7988249007936516,
    0.7698487103174589,
    0.7621140873015869,
    0.7309573412698412,
    0.8071810515873021,
    0.6395535714285707,
    0.6619747023809519,
    0.6092534722222219,
    0.6642227182539677,
    0.5519499007936509,
    0.5082415674603172,
    0.47165327380952315,
    0.5817748015873019,
    0.6209042658730156,
    0.5784126984126979,
    0.5769806547619046,
    0.48168749999999905,
    0.4828621031746026,
    0.49841617063492066,
    0.5178740079365074,
    0.5363789682539676,
    0.5156016865079363,
    0.45083730158730057,
    0.48129861111111055,
    0.5549052579365076,
    0.4789732142857141,
    0.4437470238095232,
    0.41909523809523747,
    0.3605416666666658,
    0.3438998015873008,
    0.35867857142857096,
    0.3455535714285709,
    0.3440362103174597,
    0.3303353174603169,
    0.33544692460317377,
    0.3210019841269831,
    0.32076835317460245,
    0.32416319444444375,
    0.3155997023809518,
    0.30875644841269817,
    0.31033978174603083,
    0.3101944444444439,
    0.31549503968253917,
    0.31534722222222145,
    0.3161383928571422,
    0.31831200396825327,
    0.3114742063492057,
    0.3063293650793645,
    0.304431051587301,
    0.3074226190476186,
    0.31756597222222177,
    0.310994543650793,
    0.3195163690476183,
    0.292792162698412,
    0.3048596230158726,
    0.30780704365079287,
    0.31596378968253913,
    0.3106180555555549,
    0.310459821428571,
    0.31400843253968186,
    0.31058432539682473,
    0.3045262896825388,
    0.3014687499999995,
    0.30426934523809485,
    0.3084732142857135,
    0.3072653769841264,
    0.3117142857142853,
    0.2966954365079358,
    0.308062003968253,
    0.30603720238095183,
    0.2978169642857136,
    0.31148809523809484,
    0.308214781746031,
    0.3150148809523803,
    0.31892261904761854,
    0.3103596230158724,
    0.3146512896825389,
    0.2995600198412691,
    0.313614583333333,
    0.30197172619047535,
    0.2969171626984122,
    0.3064464285714283,
    0.3065793650793643,
    0.3216914682539674
  ],