{
  "train_loss": [
    2.904189624786377,
    2.5588005065917967,
    2.2486308002471924,
    1.9879780387878419,
    1.7165286111831666,
    1.459057364463806,
    1.208276777267456,
    0.9393925023078918,
    0.7684401869773865,
    0.6410959076881408,
    0.5345540559291839,
    0.46351720690727233,
    0.34379552245140077,
    0.2424403864145279,
    0.2073616987466812,
    0.15049032032489776,
    0.11582739055156707,
    0.09597093135118484,
    0.07623913362622262,
    0.06598889485001563,
    0.05179934531450272,
    0.04609204642474651
  ],
  "val_loss": [
    2.6579364027295793,
    2.431837252208165,
    2.0589094161987305,
    1.816502673285348,
    1.592813491821289,
    1.2893008163997106,
    1.0422097870281763,
    1.0145164472716195,
    0.82874938419887,
    0.5515013337135315,
    0.44395904881613596,
    0.5071190851075309,
    0.31676653027534485,
    0.2540708248104368,
    0.3006825659956251,
    0.14043042063713074,
    0.15014010880674636,
    0.0892224982380867,
    0.06506105778472764,
    0.08254408038088254,
    0.033055518354688375,
    0.03249271586537361
  ],
  "train_cer": [
    1.0788070436507935,
    0.8412822420634923,
    0.7720362103174605,
    0.7127812500000013,
    0.6341155753968261,
    0.547103670634921,
    0.4607311507936502,
    0.3657088293650792,
    0.30957539682539614,
    0.25702976190476134,
    0.24416121031745994,
    0.27321825396825367,
    0.19446031746031742,
    0.186765376984127,
    0.2510624999999993,
    0.45435615079365055,
    0.34739186507936554,
    0.5000114087301584,
    0.38413244047618983,
    0.3770580357142856,
    0.41917906746031774,
    0.5038328373015869
  ],
  "val_cer": [
    0.874704365079365,
    0.7965119047619045,
    0.8129027777777774,
    0.8621170634920636,
    0.8120813492063488,
    0.865565476190476,
    0.8436269841269838,
    0.8884503968253967,
    0.7920952380952383,
    0.7635873015873014,
    0.6672738095238095,
    0.5924146825396823,
    0.44575396825396807,
    0.3391765873015873,
    0.4391468253968253,
    0.19498412698412695,
    0.23757738095238104,
    0.10694444444444445,
    0.1083611111111111,
    0.08806746031746031,
    0.052297619047619065,
    0.04075
  ],
  "train_wer": [
    1.0,
    1.0,
    1.0,
    0.99875,
    0.99875,
    0.99,
    0.98625,
    0.94625,
    0.93125,
    0.8925,
    0.85,
    0.7925,
    0.67875,
    0.58,
    0.595,
    0.6775,
    0.55625,
    0.66125,
    0.58625,
    0.58375,
    0.53875,
    0.61125
  ],
  "val_wer": [
    1.0,
    1.0,
    1.0,
    1.0,
    0.99,
    0.99,
    0.975,
    0.99,
    0.94,
    0.855,
    0.795,
    0.77,
    0.58,
    0.455,
    0.6,
    0.265,
    0.325,
    0.135,
    0.14,
    0.165,
    0.07,
    0.07
  ],
  "train_exact_match": [
    0.0,
    0.0,
    0.0,
    0.00125,
    0.00125,
    0.01,
    0.01375,
    0.05375,
    0.06875,
    0.1075,
    0.15,
    0.2075,
    0.32125,
    0.42,
    0.405,
    0.3225,
    0.44375,
    0.33875,
    0.41375,
    0.41625,
    0.46125,
    0.38875
  ],
  "val_exact_match": [
    0.0,
    0.0,
    0.0,
    0.0,
    0.01,
    0.01,
    0.025,
    0.01,
    0.06,
    0.145,
    0.205,
    0.23,
    0.42,
    0.545,
    0.4,
    0.735,
    0.675,
    0.865,
    0.86,
    0.835,
    0.93,
    0.93
  ]
}