{
  "model_type": "lightweight",
  "dataset_type": "easy",
  "num_epochs": 9,
  "batch_size": 32,
  "learning_rate": 0.001,
  "vocab_size": 110,
  "train_size": 800,
  "val_size": 200,
  "best_val_acc": 95.5,
  "final_train_acc": 91.25,
  "training_time": 9.974309206008911,
  "train_losses": [
    4.69075798034668,
    4.357982740402222,
    3.4358270454406736,
    2.188479995727539,
    1.2617677307128907,
    0.7763629174232483,
    0.5140862500667572,
    0.4350686377286911,
    0.32302421033382417
  ],
  "train_accs": [
    1.125,
    5.625,
    19.75,
    42.25,
    65.875,
    77.375,
    83.5,
    88.125,
    91.25
  ],
  "val_losses": [
    4.631041594914028,
    4.052815471376691,
    2.5787602492741177,
    1.3202640329088484,
    0.6529965996742249,
    0.3610303997993469,
    0.23856010181563242,
    0.2111298707979066,
    0.12796430715492793
  ],
  "val_accs": [
    4.0,
    11.5,
    34.5,
    72.5,
    86.0,
    90.0,
    95.0,
    95.0,
    95.5
  ],
  "challenges": [],
  "solutions": []
}