{
  "train_loss": [
    2.938192367553711,
    2.668522233963013,
    2.4190269947052,
    2.135607514381409,
    1.8589584112167359,
    1.5640059995651245,
    1.2993816089630128,
    1.0465397644042969,
    0.8930483365058899,
    0.8086151194572448,
    0.7405634665489197,
    0.7083185839653016,
    0.6764547085762024,
    0.6514564156532288,
    0.6307384490966796,
    0.6160821509361267,
    0.5982164549827576,
    0.5999810576438904,
    0.582665148973465,
    0.5636541986465454,
    0.5315424001216889
  ],
  "val_loss": [
    2.866374526705061,
    2.5369627475738525,
    2.2902256080082486,
    2.0049219812665666,
    1.7129453420639038,
    1.4656803607940674,
    1.2958358696528844,
    0.9916281529835292,
    0.8296336361340114,
    0.7771702408790588,
    0.7253996559551784,
    0.6949656690870013,
    0.6674994570868356,
    0.6897492153303963,
    0.6591672897338867,
    0.642247131892613,
    0.6792702845164708,
    0.6559147749628339,
    0.6875034655843463,
    0.6970362067222595,
    0.633555361202785
  ],
  "train_cer": [
    1.2331125992063514,
    0.8851592261904774,
    0.8450768849206345,
    0.7815193452380949,
    0.7080535714285726,
    0.693815972222223,
    0.833551587301588,
    0.8149161706349216,
    0.7158025793650792,
    0.6834171626984126,
    0.5359528769841266,
    0.5187504960317457,
    0.4479365079365074,
    0.43444692460317447,
    0.35438690476190454,
    0.36523561507936464,
    0.32122867063492017,
    0.3819518849206348,
    0.38817311507936464,
    0.3436349206349205,
    0.3413561507936502
  ],
  "val_cer": [
    0.9492559523809527,
    0.8490039682539684,
    0.8820059523809524,
    0.8877996031746034,
    0.8762400793650795,
    0.9298154761904762,
    1.0213888888888887,
    0.965075396825397,
    0.9719662698412702,
    1.0315257936507933,
    0.9605734126984131,
    0.882468253968254,
    0.8869047619047622,
    0.9687321428571429,
    0.9162123015873013,
    0.908920634920635,
    0.9439365079365081,
    0.8880019841269844,
    0.9757539682539681,
    0.8698650793650793,
    0.8462698412698413
  ],
  "train_wer": [
    1.0,
    1.0,
    0.99875,
    1.0,
    1.0,
    1.0,
    0.99875,
    0.99375,
    0.99,
    0.98625,
    0.98375,
    0.985,
    0.96375,
    0.97375,
    0.9575,
    0.9575,
    0.9475,
    0.94875,
    0.95875,
    0.9375,
    0.9425
  ],
  "val_wer": [
    1.0,
    1.0,
    1.0,
    1.0,
    1.0,
    1.0,
    1.0,
    0.98,
    0.98,
    0.995,
    0.99,
    0.98,
    0.975,
    0.99,
    0.985,
    0.97,
    0.99,
    0.945,
    0.98,
    0.965,
    0.945
  ],
  "train_exact_match": [
    0.0,
    0.0,
    0.00125,
    0.0,
    0.0,
    0.0,
    0.00125,
    0.00625,
    0.01,
    0.01375,
    0.01625,
    0.015,
    0.03625,
    0.02625,
    0.0425,
    0.0425,
    0.0525,
    0.05125,
    0.04125,
    0.0625,
    0.0575
  ],
  "val_exact_match": [
    0.0,
    0.0,
    0.0,
    0.0,
    0.0,
    0.0,
    0.0,
    0.02,
    0.02,
    0.005,
    0.01,
    0.02,
    0.025,
    0.01,
    0.015,
    0.03,
    0.01,
    0.055,
    0.02,
    0.035,
    0.055
  ]
}